Date,IBM,TXN,CSCO,QCOM,ORCL,NOK,AMAT
1/2/2009,69.907677,12.922787,13.908728,30.000746,16.57427,10.81596,8.829226
1/5/2009,69.467598,12.777762,14.031741,29.51491,16.28618,10.775351,8.829226
1/6/2009,71.39592,13.253106,14.589402,30.081724,16.556271,10.971633,9.582232
1/7/2009,70.243721,12.552179,14.203962,28.786135,15.890058,10.599371,8.7713
1/8/2009,69.755669,12.310483,14.384381,28.567513,15.863053,10.403084,8.887151
1/9/2009,67.771317,12.05267,13.695506,28.340792,15.628975,10.29479,8.58098
1/12/2009,68.579468,11.867368,13.449478,28.227427,15.349886,9.983442,8.27481
1/13/2009,68.283409,11.955993,13.490483,28.454151,15.430918,9.685631,8.432035
1/14/2009,66.563133,11.359802,12.908217,27.336718,14.728691,9.13062,8.051391
1/15/2009,67.307243,11.714293,12.965626,28.178841,14.881738,9.509654,8.026567
1/16/2009,67.947342,12.101012,12.973825,29.166721,15.223848,9.482578,8.423759
1/20/2009,65.594948,11.609561,12.309553,27.644415,14.494617,8.758356,7.778325
1/21/2009,73.148232,11.730411,12.875416,29.045258,15.205837,9.279526,7.794872
1/22/2009,72.068016,11.569276,12.604786,29.19912,14.989773,8.325176,7.571453
1/23/2009,71.603966,12.076838,13.031232,29.612074,15.106816,8.257492,8.034845
1/26/2009,73.292236,11.899596,13.36747,29.620173,15.268863,8.054439,8.134139
1/27/2009,73.340256,12.334655,13.72011,28.850912,15.556951,8.501156,8.341011
1/28/2009,75.868683,12.626791,13.84312,29.814503,16.061111,8.785431,8.589256
1/29/2009,74.020355,12.131783,13.064034,28.446058,15.836047,8.277797,7.943822
1/30/2009,73.332237,12.131783,12.276751,27.9764,15.151825,8.304871,7.7535
2/2/2009,72.756165,12.732284,12.555579,28.575613,15.214846,8.142427,7.786599
2/3/2009,74.796494,13.000076,12.80981,27.709198,15.349886,8.480848,7.927268
2/4/2009,74.276436,13.349015,12.990228,27.393394,15.493933,8.609449,8.134139
2/5/2009,73.940353,13.665495,13.408475,28.373177,15.863053,8.83281,8.46513
2/6/2009,77.34333,14.103704,13.974337,29.409636,16.178148,9.022325,8.647177
2/9/2009,77.890396,14.038782,13.818521,29.676855,16.250175,8.947872,8.440307
2/10/2009,75.034447,13.40582,13.162446,28.356985,15.827039,8.487617,8.065738
2/11/2009,76.554955,13.170487,13.260857,28.024992,16.025099,8.399628,8.132328
2/12/2009,76.482552,13.300327,13.285461,28.778049,15.800029,8.419934,7.840996
2/13/2009,75.493011,13.754764,13.203451,28.891407,15.953074,8.162734,7.91591
2/17/2009,72.942787,12.797203,12.539177,28.114065,15.268863,7.533268,7.166771
2/18/2009,73.618561,12.862121,12.604786,27.790174,15.520942,7.465584,7.150124
2/19/2009,71.542992,12.139894,12.334157,27.401493,15.151825,7.201616,6.942029
2/20/2009,71.430374,12.204814,12.366958,27.587732,14.908746,7.005331,7.291627
2/23/2009,67.874512,11.920794,11.776492,26.543167,14.278545,6.781973,6.966999
2/24/2009,69.507637,12.407688,12.293152,27.927822,14.800715,6.869962,7.274981
2/25/2009,69.105392,12.464492,12.112732,27.602413,14.620652,6.700751,7.865967
2/26/2009,71.575172,11.880219,11.883106,27.382772,14.206524,6.443551,8.190597
2/27/2009,74.036919,11.644886,11.948711,27.195663,13.990453,6.335255,7.666198
3/2/2009,71.639534,11.174223,11.743692,26.675022,13.684356,5.915612,7.366542
3/3/2009,70.609779,11.523161,11.801095,27.211929,13.513303,6.247266,7.366542
3/4/2009,71.9935,12.050632,12.506374,28.261358,13.468288,6.389404,7.74111
3/5/2009,70.376488,12.091208,11.932313,28.171881,13.081164,6.166044,7.524693
3/6/2009,69.033005,11.937021,11.628881,27.358366,13.027146,5.915612,7.241687
3/9/2009,67.158546,11.920794,11.169631,26.845856,12.468969,5.92915,7.1418
3/10/2009,70.19146,12.707943,12.006122,28.765743,13.585327,6.572151,7.674523
3/11/2009,71.293602,12.748513,12.317756,28.757593,13.810398,6.917342,7.990824
3/12/2009,72.725586,12.935159,12.719598,29.929058,14.071479,7.472353,8.440308
3/13/2009,72.69339,13.154259,12.719598,29.896524,14.008457,7.384363,8.814879
3/16/2009,73.385254,12.748513,12.670394,29.156227,13.414268,7.682175,8.681697
3/17/2009,74.744843,13.349015,13.236254,30.352095,13.864413,7.770164,8.906441
3/18/2009,73.972542,13.697955,13.53149,30.872744,14.251534,8.013828,9.031297
3/19/2009,74.543724,13.470741,13.310064,30.620543,15.637984,8.142427,8.906441
3/20/2009,74.423065,12.805316,13.047633,30.148701,15.394903,7.519731,8.498574
3/23/2009,79.410858,13.803449,13.925129,31.580486,16.430231,8.013828,9.206098
3/24/2009,79.081032,13.511312,13.679105,30.937807,16.124138,8.020597,8.814879
3/25/2009,78.799446,13.332785,13.58889,31.320173,16.28618,8.243956,9.147832
3/26/2009,79.467186,14.087472,14.195762,32.166229,16.81735,8.189808,9.672227
3/27/2009,75.742401,13.892715,13.90053,31.678116,16.214161,7.979985,9.347599
3/30/2009,76.040085,13.324675,13.375669,30.80765,15.899065,7.614491,8.873145
3/31/2009,77.946709,13.397705,13.752913,31.653708,16.268181,7.898764,8.948058
4/1/2009,78.525932,13.186717,14.318772,32.280109,16.727327,8.196576,8.956381
4/2/2009,81.108337,13.365243,14.876432,33.606125,16.943392,8.920799,9.522399
4/3/2009,82.234634,13.762877,14.892833,33.508503,17.366529,8.907261,9.83038
4/6/2009,81.703621,13.397705,14.376183,33.077343,17.249189,8.995251,9.622283
4/7/2009,79.443024,13.275982,13.818521,32.019794,16.734686,8.555303,8.781581
4/8/2009,81.406006,13.624922,14.048145,32.71941,16.76177,8.974946,8.948058
4/9/2009,81.816277,13.990092,14.614008,33.882729,17.249189,9.340442,9.530725
4/13/2009,80.408417,13.93329,14.671412,33.256325,17.204058,9.496115,9.580666
4/14/2009,79.861374,14.063129,14.704215,33.191235,17.032558,9.340442,9.788763
4/15/2009,79.523506,13.803449,14.400781,33.272591,16.779825,9.042631,9.514075
4/16/2009,81.599083,14.44453,14.82723,33.87458,17.312366,10.071432,9.847025
4/17/2009,81.47036,14.58248,14.753423,33.337669,17.204058,10.132348,9.921939
4/20/2009,80.794601,14.055012,14.195762,32.239429,16.987431,9.719474,9.264362
4/21/2009,82.307037,13.884599,14.507391,32.760075,17.62829,10.08497,9.364248
4/22/2009,82.500092,14.322802,14.302375,32.638054,17.465818,9.902221,9.663903
4/23/2009,81.591019,14.071239,14.449991,33.134296,17.763687,10.017285,9.530725
4/24/2009,80.513008,14.509445,15.106063,33.646793,17.862976,9.83878,9.738818
4/27/2009,80.408417,14.176735,15.065054,35.119255,17.844927,9.47334,9.647256
4/28/2009,82.009346,13.882749,15.311079,34.362694,17.817844,9.26251,9.497428
4/29/2009,83.698769,14.19307,15.786733,35.046051,17.691473,9.761477,9.647256
4/30/2009,83.031052,14.748377,15.844144,34.427769,17.456791,9.937169,10.163332
5/1/2009,84.157349,14.65855,16.057362,34.704369,17.456791,10.049612,10.138358
5/4/2009,85.428429,14.993366,15.991753,35.265686,17.122822,10.836715,10.621136
5/5/2009,85.154892,14.585052,16.098372,35.379581,17.158926,10.351802,10.31316
5/6/2009,84.605011,14.952539,16.081968,35.574829,17.204058,10.66805,10.554544
5/7/2009,82.963341,14.356395,15.540708,34.444057,16.626375,10.169083,9.863675
5/8/2009,82.073822,14.127743,15.360294,33.996613,16.536112,10.365859,9.89697
5/11/2009,83.214043,14.095072,15.261877,34.102371,16.752741,10.070695,9.805408
5/12/2009,84.055092,13.743922,15.352087,33.296993,16.590271,9.810671,9.604615
5/13/2009,82.696503,13.939911,14.802626,32.475342,16.310452,9.501451,9.194662
5/14/2009,81.717972,14.323728,14.835431,32.971584,16.662481,9.726338,9.253229
5/15/2009,81.976768,14.39723,14.696017,33.126156,16.626375,9.909058,8.960403
5/18/2009,84.572647,14.617719,15.352087,34.159328,17.077686,10.281527,9.303424
5/19/2009,85.324738,14.76471,15.4833,34.444057,17.122822,10.69616,9.311791
5/20/2009,84.144035,15.026034,15.253677,34.631145,17.095741,10.661022,9.177927
5/21/2009,83.149361,14.666714,14.843633,33.915257,16.76177,10.499386,8.90184
5/22/2009,82.397255,15.1077,14.679613,33.606125,16.833977,10.302609,8.926938
5/26/2009,84.928482,15.51601,15.163465,35.216877,17.213079,10.457219,9.144464
5/27/2009,83.238327,15.499679,14.942038,34.653347,17.140869,10.541552,9.269959
5/28/2009,84.661598,15.736501,15.179867,35.078037,17.339447,10.815632,9.45402
5/29/2009,85.947426,15.842667,15.171666,35.600739,17.682451,10.752383,9.420556
6/1/2009,87.637566,16.626635,15.991753,36.262283,17.980316,11.363792,10.089864
6/2/2009,86.392204,16.406141,16.081968,35.862087,18.368443,11.349736,9.713378
6/3/2009,86.117256,16.373476,15.876945,35.592567,18.359423,10.752383,9.520952
6/4/2009,85.987839,16.39798,16.131176,36.989155,18.603128,10.780493,9.654812
6/5/2009,86.723755,16.071325,16.295191,37.078991,18.693392,10.69616,9.186295
6/8/2009,86.925911,16.144823,16.295191,37.054489,18.837801,10.752383,9.085898
6/9/2009,87.451569,17.165613,16.467402,37.593525,18.946127,11.138906,9.228129
6/10/2009,87.621399,17.11661,16.3608,37.626194,18.720467,11.18107,9.136094
6/11/2009,88.470528,17.018618,16.483814,37.552692,18.900991,11.216211,9.328524
6/12/2009,87.508202,16.977785,16.327997,37.609863,18.819765,11.019435,9.395457
6/15/2009,87.031067,17.255442,15.876945,36.188778,18.251102,10.513441,9.286692
6/16/2009,86.78846,16.928783,15.647319,35.486389,17.772711,10.39397,9.119365
6/17/2009,86.529686,17.4841,15.745733,36.825802,17.998369,10.408026,9.152826
6/18/2009,85.987839,17.418774,15.573506,36.980984,18.278179,10.415053,9.069166
6/19/2009,85.632027,17.688253,15.516103,37.569027,18.648252,10.309637,9.186295
6/22/2009,84.524109,17.124781,15.097857,36.262283,18.02545,9.895002,8.784709
6/23/2009,84.459435,16.830791,15.229073,36.335789,17.935184,10.162055,8.876738
6/24/2009,84.224915,17.132946,15.261877,36.972816,19.189835,10.274498,9.035699
6/25/2009,85.769508,17.435099,15.606315,37.846714,19.523802,10.323691,9.177927
6/26/2009,85.462196,17.516756,15.507902,37.724216,19.171772,10.415053,9.127727
6/29/2009,85.583519,17.394266,15.573506,37.642532,19.406464,10.548578,9.244861
6/30/2009,84.44326,17.394266,15.29468,36.915653,19.334255,10.246387,9.211394
7/1/2009,84.782898,17.639254,15.417694,36.882988,19.623091,10.379914,9.311791
7/2/2009,82.267891,17.394266,15.171666,36.490963,18.991261,10.232332,9.311791
7/6/2009,82.203194,17.475931,15.19627,36.915653,18.657282,10.140972,9.412188
7/7/2009,81.022499,16.961452,14.95844,35.674248,18.214998,9.993391,9.144464
7/8/2009,81.418777,16.675629,14.868233,35.568069,18.567022,9.958252,8.968769
7/9/2009,82.550941,16.691961,14.901038,35.16787,18.341362,10.035557,9.161194
7/10/2009,81.540062,16.700132,15.040448,35.478226,18.494804,9.96528,9.203028
7/13/2009,83.796303,17.026779,15.229073,36.188778,18.748159,10.42208,9.554419
7/14/2009,83.497093,17.230938,15.360294,36.466461,18.666729,10.337748,9.738477
7/15/2009,86.707603,17.876085,16.245985,37.618034,19.462986,11.019435,10.299025
7/16/2009,89.473297,18.243568,16.500214,38.157063,19.580608,9.459286,10.658779
7/17/2009,93.338814,18.790707,16.820045,38.712433,19.671095,9.410092,10.600215
7/20/2009,94.163704,19.280689,17.344908,38.410244,19.462986,9.058705,10.70061
7/21/2009,94.648888,18.83971,17.705742,39.186131,19.843014,9.002485,10.734074
7/22/2009,93.460136,19.035696,17.590931,39.569988,19.680145,9.136012,11.085464
7/23/2009,94.665077,19.452183,17.959969,38.712433,20.087315,9.367925,11.286258
7/24/2009,95.134117,19.672674,17.943567,38.671593,20.204947,9.276565,11.035267
7/27/2009,95.12603,19.607342,17.910769,37.96104,19.888252,9.220344,11.135663
7/28/2009,94.842995,19.754335,17.984577,37.863045,20.123514,9.241427,11.194226
7/29/2009,94.826805,19.803562,17.812357,37.773205,19.915405,9.136012,11.386655
7/30/2009,95.312035,19.811756,18.025579,37.993725,20.033033,9.143038,11.403388
7/31/2009,95.36866,19.729721,18.05018,37.740536,20.023977,9.374952,11.545617
8/3/2009,96.977913,19.992247,18.509436,38.361256,20.177799,9.501451,11.721312
8/4/2009,96.719139,20.180923,18.402824,37.822216,19.806822,9.374952,11.662745
8/5/2009,95.805313,20.000446,18.181395,37.413849,19.399651,9.332787,11.487052
8/6/2009,95.366592,19.93482,18.296209,37.242336,19.191534,9.29062,11.219328
8/7/2009,96.950897,19.770744,18.1978,37.544525,19.390598,9.29062,11.311359
8/10/2009,96.439064,19.401577,17.74675,37.356686,19.227726,9.283592,11.319723
8/11/2009,95.699715,19.393375,17.361307,37.078991,19.254871,9.192232,11.109632
8/12/2009,96.918404,19.590261,17.574532,37.871204,19.79777,9.269537,11.479394
8/13/2009,97.153992,20.131701,17.640137,38.042728,19.89731,9.248455,11.739909
8/14/2009,96.333435,19.655891,17.476116,37.675194,19.870161,9.157094,11.386953
8/17/2009,94.944122,19.147266,17.000465,36.711472,19.363453,8.749489,11.025595
8/18/2009,95.569702,19.557446,17.230091,36.874825,19.526316,8.791655,11.235687
8/19/2009,96.333435,19.672304,17.418715,37.340347,19.707281,8.679211,11.176862
8/20/2009,96.642174,19.778942,17.951771,38.459263,19.852066,8.608933,11.311319
8/21/2009,97.413986,20.131701,18.1978,38.622589,20.005886,8.777598,11.546624
8/24/2009,96.942772,19.852777,18.09119,38.7206,20.1959,8.77057,11.328129
8/25/2009,96.544685,20.000446,18.041981,38.377583,20.114462,8.868958,11.134844
8/26/2009,97.064629,20.066071,17.984577,38.959549,20.087315,9.22737,11.193671
8/27/2009,97.032173,20.115294,17.943567,38.730042,20.051125,9.578756,11.168458
8/28/2009,96.049072,20.484459,18.041981,38.705448,20.051125,9.740394,11.151651
8/31/2009,95.91095,20.172718,17.713943,38.049706,19.79777,9.845809,11.076019
9/1/2009,94.806015,19.943018,17.361307,37.172638,19.852066,9.360897,10.865928
9/2/2009,94.31855,19.762533,17.672939,37.23003,19.698248,9.346843,10.899544
9/3/2009,94.513535,19.95122,17.623737,36.902157,19.508226,9.775531,11.050807
9/4/2009,95.43158,20.394215,17.910769,37.475937,19.879208,10.105834,11.302918
9/8/2009,95.187851,20.558289,17.976377,37.721832,19.79777,10.408026,11.496201
9/9/2009,94.862885,20.623919,18.230602,37.885765,20.376869,10.562634,11.681081
9/10/2009,95.602211,20.509066,18.870272,38.238228,20.594025,10.661022,11.462585
9/11/2009,95.91095,20.008648,18.935881,38.205452,20.684513,10.499386,11.35334
9/14/2009,96.585289,20.312183,18.689856,37.89397,20.557829,10.618856,11.176862
9/15/2009,96.967178,20.369604,18.845675,37.500519,20.503542,10.935102,11.218883
9/16/2009,98.973938,19.795351,19.157305,37.46772,20.023977,11.244322,11.252496
9/17/2009,99.022667,19.360558,19.181906,36.902157,19.472038,11.040517,10.949964
9/18/2009,99.209541,19.737925,19.190111,36.443127,19.562517,11.03349,10.949964
9/21/2009,98.770798,19.664095,19.378731,36.779198,19.517277,11.068629,10.639029
9/22/2009,98.803307,19.491817,19.198309,36.549686,19.372494,11.012407,11.151651
9/23/2009,98.161476,19.729721,18.698057,36.254597,19.119146,11.012407,11.126442
9/24/2009,98.258965,19.335953,18.575039,36.607067,19.155342,10.597773,10.941558
9/25/2009,98.372704,19.15547,18.550436,36.639854,18.87484,10.576689,11.008788
9/28/2009,96.950897,19.614874,19.362324,37.680847,19.155342,10.710216,11.344934
9/29/2009,96.528419,19.319544,19.108101,37.295586,19.110102,10.337748,11.160056
9/30/2009,97.178383,19.434391,19.304928,36.869362,18.856745,10.274498,11.244092
10/1/2009,95.78907,18.581219,18.935881,35.000488,18.422424,9.895002,10.832311
10/2/2009,96.699043,18.449955,18.59144,33.967686,18.404329,9.796615,10.655837
10/5/2009,97.292145,18.540203,18.81287,34.377522,18.44957,9.944197,10.723067
10/6/2009,98.592072,18.950382,19.149105,34.934906,18.585297,10.133944,11.050807
10/7/2009,99.753914,18.720676,19.362324,34.574238,18.612438,10.105834,10.933155
10/8/2009,99.355797,18.482771,19.411533,33.975876,18.820555,10.119888,10.991982
10/9/2009,102.313141,19.393375,19.706768,34.180794,18.811478,10.323691,11.109632
10/12/2009,103.214973,19.524632,19.50174,34.049652,18.793343,10.457219,11.445781
10/13/2009,103.198715,19.376968,19.591951,33.844734,18.965673,10.527495,11.294515
10/14/2009,104.279297,19.376968,19.993797,34.615231,19.219641,10.815632,11.521414
10/15/2009,103.978683,19.073431,19.985596,34.795559,19.337547,9.613895,11.420569
10/16/2009,98.82766,18.66325,19.698568,34.393913,19.781986,9.47334,11.244092
10/19/2009,99.981369,19.294928,19.887188,34.475883,20.335262,9.438203,11.378551
10/20/2009,99.786385,19.409784,19.772367,33.861126,20.126654,9.339815,11.319723
10/21/2009,98.20208,18.868341,19.649364,33.9431,19.981531,9.136012,11.025595
10/22/2009,99.680763,19.590261,19.829781,33.6726,20.126654,9.360897,11.118034
10/23/2009,97.78775,19.278517,19.821579,33.361115,19.99967,9.2344,10.882736
10/26/2009,97.584633,19.4426,19.436134,33.344719,19.945251,9.157094,10.865928
10/27/2009,98.023354,19.524632,19.304928,33.607033,19.836407,9.150066,10.605413
10/28/2009,98.713943,19.326742,18.878475,34.123417,19.319414,8.995459,10.395322
10/29/2009,99.827019,19.722517,19.288523,34.648018,19.455465,9.255483,10.714662
10/30/2009,97.990845,19.334997,18.706259,33.877518,19.138006,8.861931,10.252459
11/2/2009,97.950226,19.334997,18.862072,34.270954,19.128937,8.960318,10.336496
11/3/2009,98.437729,19.35149,18.788265,34.607037,18.947538,9.002485,9.991946
11/4/2009,98.54332,19.433933,19.099899,34.098831,18.956602,9.100872,10.033967
11/5/2009,100.01387,19.936892,19.62476,35.943108,19.337547,9.22737,10.420532
11/6/2009,100.781006,19.821463,19.534548,35.9841,19.428247,9.283592,10.420532
11/9/2009,102.829468,20.307928,19.673956,36.680832,19.800127,9.53659,10.960983
11/10/2009,103.572105,20.654228,19.395132,36.352966,19.772923,9.452258,10.977872
11/11/2009,103.800621,20.885088,19.616554,36.607067,19.863619,9.634977,11.188986
11/12/2009,103.041641,20.918076,19.190111,36.762798,19.990606,9.459286,10.82587
11/13/2009,103.670044,20.975788,19.444336,37.516911,20.262707,9.592811,10.741424
11/16/2009,104.633064,21.396296,19.57555,37.303795,20.707148,9.677144,11.020095
11/17/2009,104.975815,21.33033,19.755972,37.697239,20.679932,9.613895,10.927204
11/18/2009,104.584068,21.231392,19.682159,37.287395,20.679932,9.789587,10.859647
11/19/2009,104.08625,20.514051,19.419731,36.959515,20.30806,9.564701,10.538757
11/20/2009,103.6129,20.398619,19.239317,36.96772,20.262707,9.367925,10.369865
11/23/2009,104.624878,20.728428,19.600151,37.477844,20.498531,9.438203,10.471198
11/24/2009,104.404533,20.843864,19.468941,37.486065,20.081305,9.374952,10.428978
11/25/2009,103.874062,20.959301,19.468941,37.387333,20.498531,9.508479,10.496532
11/27/2009,102.584595,20.81913,19.173708,37.017082,20.035954,9.283592,10.378313
11/30/2009,103.115051,20.85211,19.190111,37.025314,20.026884,9.31873,10.395203
12/1/2009,104.412682,21.388046,19.616554,37.074688,20.353405,9.424146,10.884982
12/2/2009,103.816925,21.404545,19.57555,37.074688,20.55295,9.093844,10.977872
12/3/2009,104.094391,21.800304,19.542749,36.720879,20.534805,8.960318,11.036983
12/4/2009,103.849564,22.138361,19.813374,37.15696,20.707148,8.925179,11.248095
12/7/2009,103.678207,21.948717,19.854383,36.934814,20.389685,8.932207,11.188986
12/8/2009,103.482338,21.709612,19.526344,36.687969,19.872692,8.812736,11.248095
12/9/2009,104.77993,21.429276,19.567352,36.836079,19.908974,8.840846,11.39165
12/10/2009,105.555229,21.388046,19.632957,37.486065,20.489454,8.826791,11.239651
12/11/2009,105.832718,21.14069,19.493549,36.943047,20.661802,9.002485,11.298763
12/14/2009,106.036736,21.421034,19.550949,36.753799,21.142509,9.065734,11.450763
12/15/2009,104.861565,20.975788,19.255714,36.926579,21.00646,8.946262,11.425427
12/16/2009,105.041077,21.091215,19.23111,36.770245,20.970169,8.974374,11.476097
12/17/2009,103.971977,20.678955,19.009689,36.457596,20.752489,8.728403,11.273431
12/18/2009,104.388214,20.992277,19.132702,36.671509,22.076738,8.749489,11.501432
12/21/2009,104.992096,21.305601,19.386929,37.362656,22.158365,8.707321,11.68721
12/22/2009,106.036736,21.14069,19.47714,37.716465,22.185574,8.875987,11.771656
12/23/2009,106.09388,20.876841,19.50174,37.806961,22.430464,8.904098,11.780102
12/24/2009,106.559036,21.297348,19.649364,37.930389,22.630011,8.981401,11.822323
12/28/2009,107.979065,21.017019,19.747774,38.062019,22.648153,8.925179,11.704101
12/29/2009,107.603676,20.918076,19.764175,38.382912,22.684437,8.95329,11.602767
12/30/2009,108.191254,21.421034,19.829781,38.555695,22.61187,9.079789,11.872988
12/31/2009,106.828369,21.486984,19.632957,38.062019,22.249071,9.030595,11.771656
1/4/2010,108.093323,21.445765,20.248034,38.621517,22.539314,9.381981,12.075658
1/5/2010,106.787575,21.322088,20.157812,39.551273,22.5121,9.311704,11.982769
1/6/2010,106.09388,21.165426,20.026604,39.164551,22.185574,9.241427,11.957436
1/7/2010,105.726646,21.231392,20.116812,40.299999,22.113016,9.360897,11.830769
1/8/2010,106.787575,21.717855,20.223423,40.703163,22.385113,9.367925,12.28677
1/11/2010,105.669502,21.437525,20.166012,40.555065,22.394182,9.269537,12.556997
1/12/2010,106.510086,20.538794,19.846182,39.896839,22.276276,9.079789,11.99121
1/13/2010,106.28157,20.62949,20.207027,40.069622,22.493961,9.241427,12.050326
1/14/2010,107.979065,20.373884,20.46125,39.798103,23.030184,9.396036,12.117882
1/15/2010,107.546532,20.200737,20.010199,39.929752,22.939301,9.311704,11.59432
1/19/2010,109.472542,20.382137,20.379246,40.579746,23.021091,9.304675,11.796988
1/20/2010,106.297897,20.241966,20.0184,39.781643,22.775705,9.136012,11.653432
1/21/2010,105.277756,19.936892,19.665762,39.56773,22.566671,9.065734,11.467654
1/22/2010,102.421387,19.054661,18.837467,38.48988,21.948652,8.939236,10.665426
1/25/2010,102.927376,19.532875,18.853872,38.596836,21.839592,8.861931,10.673867
1/26/2010,102.625435,19.252542,18.780066,38.580372,21.703262,8.911126,10.682313
1/27/2010,103.09877,19.400953,18.985085,38.835445,21.685093,9.079789,11.011648
1/28/2010,100.99321,19.102606,18.46843,33.306324,21.330633,9.824725,10.648537
1/29/2010,99.883293,18.646797,18.427423,32.244934,20.95801,9.620922,10.285421
2/1/2010,101.744011,19.102606,18.640648,32.722149,21.103426,9.859864,10.572535
2/2/2010,102.445869,19.318081,18.878475,32.302528,21.5942,10.077722,10.564091
2/3/2010,102.551979,19.226913,18.919481,32.60696,21.585115,10.091779,10.369865
2/4/2010,100.381111,18.721382,18.993286,31.405693,21.00345,9.656061,9.96453
2/5/2010,100.805511,19.03631,19.436134,31.29874,21.403349,9.410092,10.327644
2/8/2010,99.911972,19.144043,19.272116,30.862659,21.012545,9.26251,10.192531
2/9/2010,101.002251,19.376087,19.591951,31.191771,21.366995,9.381981,10.260087
2/10/2010,100.674339,19.425816,19.485342,30.796839,21.00345,9.220344,10.327644
2/11/2010,101.428505,19.699306,19.62476,31.274052,21.221577,9.199259,10.530312
2/12/2010,101.649864,19.91478,19.485342,31.95697,21.276106,9.093844,10.530312
2/16/2010,102.658165,20.544634,19.682159,32.105076,21.639645,9.311704,10.935647
2/17/2010,103.559891,20.478321,19.739571,32.442417,21.97592,9.35387,10.969428
2/18/2010,104.773109,20.577772,19.911783,32.755066,22.284927,9.44523,10.707645
2/19/2010,104.264877,20.726948,19.977394,32.574047,22.103159,9.396036,10.555646
2/22/2010,103.986168,20.4949,19.928188,32.096844,22.548492,9.47334,10.564131
2/23/2010,103.666435,20.138538,19.723167,31.710125,22.248573,9.31873,10.190782
2/24/2010,104.592781,20.511475,19.960993,31.296911,22.512136,9.360897,10.411398
2/25/2010,104.166519,20.320866,19.952791,30.726671,22.603024,9.283592,10.36897
2/26/2010,104.240295,20.20484,19.952791,30.313456,22.403078,9.466313,10.385942
3/1/2010,105.396126,20.412025,20.174221,29.387863,22.484875,9.332787,10.606558
3/2/2010,104.4534,20.287718,20.182419,31.3465,22.339457,9.494425,10.538675
3/3/2010,104.010757,20.221415,20.371038,31.974586,22.266747,9.740394,10.513223
3/4/2010,103.879601,20.445181,20.46125,32.437386,22.503044,9.684172,10.40291
3/5/2010,104.314041,20.693804,20.674471,32.032433,22.675732,9.93014,10.428366
3/8/2010,103.625465,20.461754,21.428953,32.057236,22.448517,9.958252,10.487762
3/9/2010,102.920471,20.047379,21.428953,31.966318,22.61211,9.923113,10.428366
3/10/2010,102.977852,20.378876,21.215731,32.131607,22.603024,10.232332,10.632014
3/11/2010,104.600967,19.947929,21.297745,32.313419,22.848412,10.183139,10.53019
3/12/2010,104.879684,19.889919,21.223932,32.189457,22.766613,10.429109,10.487762
3/15/2010,104.789513,19.840195,21.387951,32.123337,22.975649,10.408026,10.377456
3/16/2010,105.478111,20.453461,21.445353,32.239044,22.912027,10.63994,10.564131
3/17/2010,104.732117,20.64407,21.535566,32.148132,23.148331,10.836715,10.742321
3/18/2010,105.240379,20.486612,21.601175,33.412571,23.066536,10.738327,10.716865
3/19/2010,104.691162,20.188265,21.445353,33.098534,22.89386,10.590745,10.598073
3/22/2010,104.912483,20.4949,21.551966,33.288601,23.230125,10.618856,10.844142
3/23/2010,106.051941,21.0916,21.847198,33.486946,23.620926,10.724271,11.234466
3/24/2010,105.363342,20.544634,21.69138,33.214233,23.411896,10.590745,11.030819
3/25/2010,105.945389,20.544634,21.674982,34.867085,23.666372,10.682104,11.166584
3/26/2010,105.961777,20.511475,21.707788,34.569572,23.348276,10.864826,11.209012
3/29/2010,105.412514,20.4949,21.740591,34.511715,23.239218,10.836715,11.293861
3/30/2010,105.560097,20.395452,21.855404,34.817501,23.211948,10.829687,11.412655
3/31/2010,105.133827,20.279425,21.346949,34.677017,23.366453,10.921047,11.429627
4/1/2010,105.133827,20.412025,21.18293,34.933193,23.139242,10.977268,11.327805
4/5/2010,106.035561,21.04187,21.46176,35.148083,23.248308,10.998351,11.472052
4/6/2010,105.691238,20.760096,21.502764,35.065426,23.475513,10.935102,11.438113
4/7/2010,105.322357,20.983858,21.601175,35.346405,23.548222,10.885908,11.522963
4/8/2010,104.6092,20.486612,21.551966,35.040649,23.475513,10.597773,11.319317
4/9/2010,105.551888,20.66894,21.8144,34.850559,23.748173,10.548578,11.429627
4/12/2010,105.223976,21.290497,21.756996,34.900146,23.857445,10.611829,11.56539
4/13/2010,105.773232,21.439676,21.68318,34.958,23.99403,10.625883,11.70964
4/14/2010,107.593063,22.293283,22.044018,35.205929,24.021345,10.871854,12.227241
4/15/2010,107.297981,22.36787,22.314653,35.288574,23.857445,10.724271,12.167842
4/16/2010,107.084846,22.02808,22.126032,35.321636,23.629793,10.499386,12.184814
4/19/2010,108.396416,21.90377,22.199835,35.329884,23.848331,10.646967,12.133902
4/20/2010,106.31427,22.086094,22.290052,35.776165,23.811914,10.661022,12.269662
4/21/2010,105.740448,21.895489,22.339262,35.230717,23.939392,10.506413,12.244212
4/22/2010,105.855202,21.961777,22.404861,32.50349,23.893864,9.128983,12.193296
4/23/2010,106.560211,22.102667,22.527876,31.610958,24.11241,8.967346,12.278152
4/26/2010,107.166809,22.508759,22.609884,31.495251,24.103296,8.749489,12.184814
4/27/2010,105.601082,21.994932,22.150635,31.33823,23.65711,8.524602,11.819946
4/28/2010,106.650391,21.978281,22.175236,32.082016,23.547838,8.440269,11.921771
4/29/2010,106.945503,22.486111,22.577084,32.214249,23.648001,8.475408,12.099961
4/30/2010,105.748642,21.653605,22.085026,31.966318,23.556942,8.545684,11.692666
5/3/2010,106.240494,22.019909,22.585283,31.933256,23.684429,8.510546,11.879344
5/4/2010,105.027229,21.428823,21.78159,31.073774,22.737419,8.292687,11.361745
5/5/2010,104.486206,21.537052,21.773394,31.098568,22.710096,8.201327,11.217494
5/6/2010,102.104965,20.871044,20.904097,30.305197,21.772192,7.88508,10.784749
5/7/2010,100.60537,20.596315,20.264423,30.164698,21.316896,7.898305,10.606558
5/10/2010,104.041245,21.495424,21.428953,30.883703,22.209267,8.250974,11.19204
5/11/2010,104.552101,21.353901,21.289539,30.974602,22.027159,8.059945,11.336287
5/12/2010,109.322838,21.728531,21.929213,31.536583,22.400496,8.096682,11.684182
5/13/2010,108.334099,21.220697,20.936901,31.371288,22.072681,7.839527,11.225977
5/14/2010,108.095154,20.712866,20.453051,30.825846,21.653812,7.552984,10.98839
5/17/2010,107.477188,21.162424,20.395638,30.883703,21.61739,7.648498,11.183553
5/18/2010,107.073433,20.429811,19.977394,30.338243,21.335106,7.486859,10.979909
5/19/2010,106.175339,20.521389,19.895391,30.123375,21.116564,7.501554,11.04779
5/20/2010,102.006081,20.196711,19.116301,29.412651,20.351677,7.369302,10.767774
5/21/2010,103.340904,20.454788,19.239317,29.660582,20.178658,7.398692,10.793231
5/24/2010,102.541672,20.180056,19.165508,29.478764,20.287931,7.361955,10.656716
5/25/2010,102.599335,20.313257,19.116301,29.429178,20.215082,7.516247,10.810295
5/26/2010,101.53643,20.096813,18.771864,28.980516,19.951006,7.310524,10.682314
5/27/2010,104.140129,20.687891,19.411533,29.5455,20.561113,7.58972,11.151585
5/28/2010,103.209084,20.329914,18.993286,29.5455,20.552002,7.435427,11.023602
6/1/2010,102.451035,20.271631,18.862072,29.138367,20.215082,7.361955,10.74204
6/2/2010,104.980598,20.612965,19.149105,29.9277,20.615736,7.457469,10.963876
6/3/2010,105.433754,20.846069,19.452536,30.30158,20.797861,7.5089,11.117454
6/4/2010,103.225548,20.130108,18.829273,29.329475,20.151342,7.038675,10.724977
6/7/2010,102.277977,19.705524,18.665251,29.088528,19.759785,6.854994,10.39222
6/8/2010,101.94017,19.880352,18.829273,29.304554,19.814426,7.13419,10.528733
6/9/2010,102.088501,19.763805,18.68165,28.847569,19.614094,6.730091,10.400751
6/10/2010,105.203033,20.421488,18.673452,29.105139,20.215082,6.957857,10.690844
6/11/2010,105.837509,20.354889,18.788265,29.379339,20.66127,7.009287,10.827359
6/14/2010,105.878708,20.454788,18.665251,28.905731,20.66127,6.935813,10.827359
6/15/2010,106.941589,21.395521,19.132702,29.562113,21.125671,7.21501,11.313698
6/16/2010,107.403038,21.162424,19.099899,29.146685,21.107462,6.443548,11.424615
6/17/2010,107.922119,21.253998,19.001486,29.670135,21.007298,6.605187,11.433147
6/18/2010,107.238205,21.187399,19.263914,29.653509,21.125671,6.539062,11.381954
6/21/2010,107.650215,21.020895,19.140905,29.611971,21.025505,6.392117,11.313698
6/22/2010,106.537849,20.604643,18.837467,29.553804,20.84339,6.245172,11.143052
6/23/2010,107.205292,20.629612,18.747261,29.429174,20.652164,6.30395,11.194242
6/24/2010,105.623268,20.213362,18.509436,28.905731,20.233292,6.171699,10.887085
6/25/2010,104.741623,20.013552,18.189596,28.722944,20.633957,6.06149,11.0492
6/28/2010,106.2742,20.279959,18.386419,28.282591,20.442728,6.098226,10.94681
6/29/2010,103.069,19.888678,17.730349,27.534811,19.805311,5.892503,10.511669
6/30/2010,101.742424,19.380854,17.476116,27.285547,19.541245,5.988018,10.255703
7/1/2010,100.992607,19.289274,17.435114,26.554398,19.623199,6.14231,10.23864
7/2/2010,100.407608,19.239319,17.328505,26.895042,19.878166,6.193741,10.23864
7/6/2010,101.725929,19.247652,17.500723,27.127689,20.324354,6.157004,10.050932
7/7/2010,104.642769,20.188385,18.435619,27.734211,21.025505,6.421505,10.400751
7/8/2010,105.441986,20.163406,18.493032,28.1912,21.143883,6.30395,10.332494
7/9/2010,105.433754,20.379866,18.616047,28.174576,21.28047,6.230476,10.494605
7/12/2010,106.018768,20.604643,18.747261,29.163301,21.33522,6.179047,10.503137
7/13/2010,107.510147,21.137445,18.935881,29.869535,21.636362,6.289255,10.682314
7/14/2010,107.707878,20.887691,19.468941,30.658863,21.846249,6.318645,10.690844
7/15/2010,107.707878,21.145771,19.616554,30.642235,21.745869,6.509673,10.631122
7/16/2010,105.49144,20.621292,18.657049,29.87784,21.234848,6.421505,10.400751
7/19/2010,106.941589,21.270645,18.640648,30.550852,21.526857,6.480283,10.562862
7/20/2010,104.271996,20.621292,18.903076,30.534229,21.827997,6.619883,10.528733
7/21/2010,103.217285,20.396515,18.501234,30.044014,21.499483,6.480283,10.409282
7/22/2010,105.030029,21.054197,19.083498,32.495068,22.183886,6.737438,10.622589
7/23/2010,105.779816,21.129118,19.149105,32.470142,22.357269,6.921119,10.673783
7/26/2010,105.80455,21.362228,19.362324,32.603069,22.485027,6.928468,10.716443
7/27/2010,105.985802,21.295624,19.108101,32.586452,22.42115,6.847646,10.759104
7/28/2010,105.821045,21.094883,19.181906,32.204262,22.156511,6.803564,10.537267
7/29/2010,105.483192,20.810488,19.034286,32.220882,21.627237,6.774175,10.187446
7/30/2010,105.796303,20.651571,18.919481,31.639275,21.572483,6.987246,10.067995
8/2/2010,107.740837,21.002876,19.518145,32.204262,22.165644,7.075412,10.247172
8/3/2010,107.419495,20.751947,19.534548,31.955011,22.092634,7.112148,10.085059
8/4/2010,108.161057,21.061419,19.796976,31.930079,22.348145,7.023982,10.127721
8/5/2010,108.622475,21.24544,19.821579,31.988235,22.165644,7.08276,10.076527
8/6/2010,107.76133,21.295624,19.739571,32.112877,22.247761,6.994592,10.102125
8/9/2010,109.301468,21.496367,20.313631,33.026817,22.138264,7.038675,10.127721
8/10/2010,109.168991,21.203615,19.936386,33.051743,22.165644,7.016634,9.837626
8/11/2010,107.504616,20.885771,19.460735,32.702785,21.590736,6.663965,9.564596
8/12/2010,106.237709,20.41737,17.517128,31.772213,20.933704,6.656619,9.521936
8/13/2010,105.881668,20.308628,17.517128,31.531267,20.678198,6.509673,9.530467
8/16/2010,105.798874,20.51774,17.968178,32.104561,20.73295,6.509673,9.564596
8/17/2010,106.361931,20.659935,18.082983,32.519993,21.034092,6.553757,9.718173
8/18/2010,107.140289,20.835583,18.378222,32.436901,21.070587,6.583145,9.709644
8/19/2010,106.73455,20.51774,18.222403,31.664204,20.988457,6.700702,9.692579
8/20/2010,105.575302,20.659935,18.230602,32.328884,21.00671,6.67866,9.462209
8/23/2010,104.722412,20.383909,17.779558,32.021477,20.842449,6.54641,9.43645
8/24/2010,103.422379,20.300272,17.328505,31.606041,20.450058,6.436201,9.092993
8/25/2010,103.728745,20.333725,17.39411,32.11541,20.459185,6.399464,9.196032
8/26/2010,101.666931,19.932234,16.975864,31.965107,20.304047,6.406811,9.041477
8/27/2010,103.281624,20.199898,17.066072,32.265717,20.541317,6.362728,9.178859
8/30/2010,102.180321,19.447098,16.664228,31.973463,20.094168,6.289255,8.98996
8/31/2010,101.956749,19.254726,16.393602,31.981813,19.929911,6.289255,8.904094
9/1/2010,104.142761,19.86532,16.61503,33.067345,20.641697,6.539062,9.196032
9/2/2010,103.538307,20.107885,16.828251,33.418064,20.513943,6.641923,9.264725
9/3/2010,105.641541,20.350456,17.254694,33.718681,20.915453,6.796216,9.427863
9/7/2010,104.291847,19.756586,16.877453,33.877331,22.138264,6.957857,9.290481
9/8/2010,104.39946,19.80677,16.926657,34.169598,22.028759,7.126842,9.084406
9/9/2010,104.63134,19.940603,16.90206,34.152885,22.202141,7.170927,9.256134
9/10/2010,105.981033,19.823503,16.910259,33.752079,22.859167,7.303176,9.170273
9/13/2010,107.322456,20.459188,17.435114,34.236408,22.913927,7.442774,9.256134
9/14/2010,106.693169,20.651571,17.590931,34.328259,23.160311,7.303176,9.539486
9/15/2010,107.173393,20.634838,17.705742,35.054741,23.488827,7.310524,9.479381
9/16/2010,107.372147,20.894135,17.984577,35.046379,23.142061,7.428081,9.513728
9/17/2010,107.802719,21.513098,17.927168,35.513996,25.076645,7.317872,9.46221
9/20/2010,109.127579,21.630198,17.836962,35.91481,25.08577,7.545638,9.582419
9/21/2010,109.284897,21.580009,17.74675,36.332336,24.474371,7.251746,9.659697
9/22/2010,109.77343,21.278896,17.771351,36.156975,24.821138,7.303176,9.582419
9/23/2010,109.028206,21.554916,17.656546,36.449234,24.748133,7.163579,9.694041
9/24/2010,111.048668,22.525185,18.115793,37.20076,24.602123,7.391345,9.98598
9/27/2010,111.495781,22.316071,18.132196,37.234169,24.592997,7.207663,9.908701
9/28/2010,111.694504,22.633919,17.927168,36.799957,24.81201,7.244398,10.071843
9/29/2010,112.18306,22.449905,17.935377,37.000355,24.79376,7.21501,10.028912
9/30/2010,111.073486,22.700834,17.959969,37.685093,24.501749,7.369302,10.028912
10/1/2010,112.315552,22.792845,17.968178,36.958611,24.857634,7.575025,10.054673
10/4/2010,111.992622,22.75938,17.845158,36.649647,24.592508,7.383997,9.86577
10/5/2010,113.988205,23.69619,18.033779,36.958611,24.958197,7.64115,10.183467
10/6/2010,114.137207,23.679464,18.288013,37.284267,25.214186,7.692582,10.071843
10/7/2010,114.865898,23.537264,18.361824,37.20076,25.314745,7.868917,10.071843
10/8/2010,114.973587,24.030762,18.435619,37.376129,25.598152,7.957083,10.149121
10/11/2010,115.644302,24.064222,18.427423,36.891808,25.461018,8.052598,10.149121
10/12/2010,115.801605,23.988945,18.550436,37.401184,25.552446,8.008513,10.269331
10/13/2010,116.232201,23.52054,19.009689,37.843742,26.146685,8.265669,10.277917
10/14/2010,117.16787,23.679464,18.919481,37.60994,25.899845,8.052598,10.226398
10/15/2010,116.803535,24.0224,19.157305,37.401184,26.42095,7.99382,10.320849
10/18/2010,118.26915,23.721289,19.108101,37.150661,26.722641,8.037903,10.260744
10/19/2010,114.294571,23.445263,18.837467,36.925209,26.631222,7.788097,10.114773
10/20/2010,115.155746,23.495441,19.190111,37.058815,26.183254,7.957083,10.252155
10/21/2010,115.785049,23.604183,19.075298,36.724792,26.347816,8.287709,10.217811
10/22/2010,115.652557,23.972218,19.255714,36.891808,26.503229,8.12607,10.415299
10/25/2010,115.793304,24.239876,19.362324,37.017059,26.366098,8.133418,10.432472
10/26/2010,116.480576,24.156233,19.190111,36.691391,26.17411,8.008513,10.380956
10/27/2010,117.109924,24.624636,19.099899,37.142323,26.238111,7.920347,10.50975
10/28/2010,116.671036,24.565823,19.017893,37.092213,26.841492,8.104029,10.518337
10/29/2010,118.906738,24.843073,18.747261,37.710144,26.859779,7.861568,10.604202
11/1/2010,118.674919,24.73385,18.796463,37.852089,26.631222,7.685236,10.621374
11/2/2010,119.105499,24.868273,19.001486,37.893852,26.99691,7.773402,10.715823
11/3/2010,119.378746,25.204336,19.444336,38.152706,26.695215,7.773402,10.767342
11/4/2010,121.54821,25.834436,19.854383,40.365547,26.942059,7.890958,11.067867
11/5/2010,121.655876,26.439346,19.895391,40.357197,26.740929,7.913001,11.145144
11/8/2010,121.813866,26.363731,20.001999,39.914619,26.548944,7.766054,10.990587
11/9/2010,121.547714,26.330128,19.969196,40.014832,26.274677,7.839527,11.007758
11/10/2010,121.888733,26.330128,20.084005,39.814423,26.228968,7.898305,11.033519
11/11/2010,120.957191,25.876446,16.828251,40.014832,26.119259,7.766054,10.844618
11/12/2010,119.551613,26.002468,16.524813,39.639065,25.890701,7.552984,10.810273
11/15/2010,119.468407,25.918457,16.3608,39.13805,25.963842,7.575025,10.827445
11/16/2010,118.304031,25.683216,15.94255,38.728886,25.214186,7.406039,10.698651
11/17/2010,118.062782,25.968863,15.917949,40.064941,25.515871,7.464817,10.629959
11/18/2010,120.067238,26.44775,16.081968,39.847828,25.881563,7.575025,10.861791
11/19/2010,120.641174,26.834215,16.081968,40.048241,25.735285,7.435427,10.758757
11/22/2010,120.923935,27.086258,16.040956,39.922482,25.643864,7.339914,10.819196
11/23/2010,119.085808,26.867819,15.745733,39.486538,24.857634,7.031328,10.715581
11/24/2010,121.273216,27.346699,15.958953,40.299744,25.360456,7.075412,10.871006
11/26/2010,119.684639,27.052652,15.983553,39.989555,25.131897,7.016634,10.819196
11/29/2010,118.844635,27.052652,15.94255,39.637447,24.885067,6.862342,10.810563
11/30/2010,117.655304,26.716591,15.712933,39.251801,24.729641,6.781521,10.732853
12/1/2010,120.108879,27.371908,15.844144,40.14883,25.278179,7.05337,11.026429
12/2/2010,120.749283,27.598745,15.762129,40.651848,25.689575,7.178273,11.147313
12/3/2010,120.915619,27.573538,15.63912,40.928505,26.338669,7.347261,11.276833
12/6/2010,120.59127,27.68276,15.934352,40.509331,26.265535,7.29583,11.242295
12/7/2010,119.784508,28.069221,15.90155,40.635082,26.558084,7.376649,11.216392
12/8/2010,120.582909,28.354872,15.868743,40.978817,26.722641,7.413386,11.259564
12/9/2010,120.01738,28.346472,16.155779,41.146477,26.750069,7.170927,11.466794
12/10/2010,120.449875,27.556738,16.155779,41.481827,27.371742,7.207663,11.535871
12/13/2010,120.00071,27.388708,16.057362,41.180019,27.810566,7.317872,11.414987
12/14/2010,121.281578,27.556738,16.024559,41.23032,27.892843,7.310524,11.484065
12/15/2010,120.366676,27.422314,15.967154,41.154854,27.874556,7.244398,11.397717
12/16/2010,120.225288,27.40551,16.196779,41.624359,27.673435,7.281136,11.553143
12/17/2010,120.599556,27.329899,16.032759,41.465057,28.761351,7.29583,11.751738
12/20/2010,120.192039,27.161863,16.09017,41.448292,28.953335,7.273788,11.743102
12/21/2010,121.215019,27.254282,16.016361,41.909389,29.035624,7.486859,12.010777
12/22/2010,121.389702,27.279491,16.040956,41.909389,28.944201,7.53829,12.08849
12/23/2010,121.339836,27.187075,16.147575,41.448292,28.834494,7.530942,12.08849
12/27/2010,120.882332,27.203875,16.533016,41.590813,28.944201,7.5089,12.157566
12/28/2010,121.190102,27.086258,16.688833,41.8004,28.861921,7.479511,12.174836
12/29/2010,121.863739,27.313099,16.606827,41.909389,28.797918,7.53829,12.192101
12/30/2010,121.988564,27.304691,16.59042,41.691418,28.605932,7.523595,12.200738
12/31/2010,122.06337,27.304691,16.59042,41.490208,28.615078,7.582373,12.131662
1/3/2011,122.662216,27.497929,16.803644,42.068672,28.907631,7.83218,12.140296
1/4/2011,122.795311,27.447519,16.828251,42.730972,28.779638,7.979125,12.062586
1/5/2011,122.304588,27.556738,17.033276,43.619621,28.377382,7.83218,11.88126
1/6/2011,123.643654,27.934797,17.180887,44.156166,28.496229,7.780749,11.993508
1/7/2011,123.036507,27.909601,17.197292,43.368122,28.368244,7.721971,12.053951
1/10/2011,122.795311,28.044022,17.049671,43.334591,28.377382,7.61911,11.88989
1/11/2011,122.49588,28.144838,17.123476,43.653172,28.331667,7.677887,12.157566
1/12/2011,124.009621,28.279259,17.320303,43.879524,28.285961,7.905652,12.312992
1/13/2011,123.776764,28.128035,17.287498,43.485489,28.505371,7.99382,12.295721
1/14/2011,124.758217,28.598515,17.39411,43.628014,28.615257,8.074639,13.228258
1/18/2011,125.298767,29.279028,17.402309,44.457989,28.871653,7.83218,13.124649
1/19/2011,129.490662,28.699335,17.074276,43.711849,28.935747,7.552984,13.150549
1/20/2011,129.582184,28.489292,17.033276,43.032768,29.585886,7.699928,13.003761
1/21/2011,129.332657,28.489292,17.000465,42.957333,29.769026,7.920347,12.960589
1/24/2011,132.767624,29.111008,17.361307,43.166912,29.668299,8.015862,13.271433
1/25/2011,134.273041,28.548103,17.664743,43.192066,29.56757,7.780749,13.271433
1/26/2011,133.940353,28.833759,17.56633,43.477116,29.814812,7.88361,13.349145
1/27/2011,133.965347,29.204823,17.582735,46.025707,30.144449,7.758706,13.901762
1/28/2011,132.418365,28.90122,17.16449,45.053219,29.302023,7.766054,13.616819
1/31/2011,134.738846,28.59762,17.344908,45.380177,29.329489,7.861568,13.547743
2/1/2011,136.036301,29.516861,17.607332,46.176613,30.437471,7.971779,14.005376
2/2/2011,135.820084,29.618061,17.730349,45.26281,30.345901,8.339141,14.117628
2/3/2011,136.011383,29.508425,17.968178,46.092773,30.208551,8.221584,13.936301
2/4/2011,136.402298,29.887928,18.082983,46.302357,29.869745,8.12607,14.238511
2/7/2011,137.08429,29.736124,18.066584,46.168232,30.199402,8.295056,14.152165
2/8/2011,138.654144,29.752998,18.033779,47.031731,30.245174,8.287709,13.953571
2/9/2011,137.485138,29.601194,18.074785,47.123959,30.11698,8.618337,13.703164
2/10/2011,137.017441,29.677095,15.516103,47.786251,30.455791,7.99382,13.919033
2/11/2011,136.817062,30.039728,15.335688,48.289272,30.648085,6.877036,13.824052
2/14/2011,136.291046,30.216831,15.425892,48.767128,30.483259,6.494978,13.98811
2/15/2011,135.97374,30.334902,15.311079,49.161152,29.997934,6.663965,13.919033
2/16/2011,136.44133,30.40237,15.23727,49.07732,30.318436,6.686007,14.117628
2/17/2011,137.142731,30.765001,15.319283,49.462967,30.226864,6.671313,14.178069
2/18/2011,137.643753,30.554165,15.458699,49.622253,30.840382,6.752132,14.221244
2/22/2011,135.230545,30.149368,15.245479,48.825825,29.787334,6.51702,13.521837
2/23/2011,133.752548,29.854191,15.089661,47.951069,29.466852,6.30395,13.504566
2/24/2011,134.245255,29.879503,15.056855,48.615536,29.530943,6.340686,13.668626
2/25/2011,135.506088,30.039728,15.286482,49.641682,30.171928,6.355381,13.919033
2/28/2011,135.172119,30.031298,15.220872,50.112701,30.126143,6.340686,14.248581
3/1/2011,133.577209,29.516861,15.220872,48.817402,28.999842,6.333339,14.049117
3/2/2011,133.735855,30.47827,15.171666,48.026768,29.411905,6.377422,14.239905
3/3/2011,136.508118,30.832472,15.19627,49.490284,30.245174,6.355381,14.612813
3/4/2011,135.130295,30.587904,15.089661,48.909924,29.997934,6.237824,14.508746
3/7/2011,133.543808,29.921669,14.925642,48.4305,29.393591,6.127615,13.840981
3/8/2011,135.506088,30.242128,14.942038,48.068817,29.979631,6.252519,13.693556
3/9/2011,138.495468,29.29759,14.860029,46.260456,30.025421,6.318645,13.268611
3/10/2011,135.289001,28.884357,14.696017,45.453007,29.118883,6.171699,12.973753
3/11/2011,135.631332,29.002422,14.720617,45.091331,29.219604,6.237824,13.008437
3/14/2011,134.762924,29.145794,14.638609,44.981995,28.92659,6.098226,12.973753
3/15/2011,132.783981,28.58919,14.261366,44.578266,28.542006,5.921893,12.904372
3/16/2011,127.757164,27.653082,13.982535,42.475513,27.653782,5.796988,12.540138
3/17/2011,128.742477,27.889217,13.941528,44.006317,27.974274,5.892503,12.861012
3/18/2011,130.170364,28.133778,14.056341,43.49324,28.166569,6.083532,12.869685
3/21/2011,131.664993,28.403656,14.261366,45.108158,28.770922,6.171699,13.19056
3/22/2011,131.932205,28.369923,14.310569,44.149307,28.505371,6.157004,13.103836
3/23/2011,133.209824,28.85063,14.417183,44.115662,28.761766,6.157004,13.147195
3/24/2011,133.635712,29.398787,14.236765,45.183857,29.430216,6.208435,13.390023
3/25/2011,135.422577,29.213253,14.17116,44.367992,29.888065,6.134963,13.38135
3/28/2011,134.746246,29.086756,14.09735,43.888561,29.814812,6.421505,13.416037
3/29/2011,136.007126,29.48313,14.352466,45.343662,30.364222,6.377422,13.615501
3/30/2011,136.608322,29.29759,14.261941,45.848312,30.263489,6.333339,13.641515
3/31/2011,136.165771,29.145794,14.113806,46.117466,30.611452,6.252519,13.546122
4/1/2011,137.167786,28.867495,14.023283,45.814686,31.151716,6.281908,13.46807
4/4/2011,137.151093,28.766287,14.039741,44.670788,31.261591,6.406811,13.355331
4/5/2011,136.93399,29.255419,14.171412,44.224998,31.060137,6.443548,13.46807
4/6/2011,136.975708,29.398787,14.870934,45.032448,30.748808,6.62723,13.65886
4/7/2011,137.259613,29.719267,14.739259,44.771725,30.876997,6.590493,13.442057
4/8/2011,136.98407,29.660225,14.525289,45.108158,30.712187,6.62723,13.277281
4/11/2011,136.900589,29.45783,14.377151,44.914711,30.987381,6.634576,13.294627
4/12/2011,136.316101,28.79159,14.352466,43.947433,30.638798,6.414158,13.034458
4/13/2011,136.900589,28.960258,14.196108,44.309109,30.914009,6.421505,12.904372
4/14/2011,137.752289,29.272293,14.130267,44.241817,31.00573,6.377422,12.817651
4/15/2011,138.78772,29.508425,14.015049,44.696014,31.354307,6.362728,12.765618
4/18/2011,138.562256,29.339766,13.768163,44.822178,30.849789,6.171699,12.557481
4/19/2011,138.111343,29.128927,13.66941,44.931534,30.886478,6.112921,12.670221
4/20/2011,137.568558,29.626495,13.932757,46.48756,31.290102,6.311297,13.251267
4/21/2011,140.516159,29.955395,13.940985,47.892197,31.877182,6.340686,13.225246
4/25/2011,140.006821,29.871063,14.07266,47.791271,31.950577,6.377422,13.268611
4/26/2011,140.691589,30.140934,14.418305,48.127705,32.07901,6.509673,13.53745
4/27/2011,142.261368,30.275864,14.146729,48.935162,32.33585,6.744786,13.806291
4/28/2011,142.603699,30.089651,14.229021,48.4305,32.372555,6.803564,13.60683
4/29/2011,142.436707,30.072737,14.418305,48.018353,32.987156,6.781521,13.60683
5/2/2011,143.747711,29.632595,14.467683,48.14452,33.363258,6.788868,13.138525
5/3/2011,144.348892,29.454849,14.327782,47.513702,33.152275,6.8403,13.216574
5/4/2011,142.470154,29.471783,14.377151,47.168858,32.33585,6.7315,13.086493
5/5/2011,140.666519,29.641066,14.385386,47.210911,31.803801,6.629745,12.973753
5/6/2011,141.656204,29.818813,14.451223,47.58099,31.987263,6.606262,13.207903
5/9/2011,141.832352,29.911917,14.484144,47.656689,32.289989,6.58278,13.043129
5/10/2011,142.90596,30.013485,14.640509,47.866966,32.675266,6.841082,13.060474
5/11/2011,142.167847,29.539497,14.632275,47.597813,32.088181,6.754982,12.939062
5/12/2011,144.466019,29.903446,13.932757,48.228634,32.776173,6.778463,13.086493
5/13/2011,142.520126,29.776482,13.891609,48.043591,32.280811,6.684536,12.834994
5/16/2011,141.631073,29.547955,13.661176,47.690334,31.354307,6.739327,12.592169
5/17/2011,143.006607,29.150146,13.694096,47.395947,31.134161,6.700191,12.410052
5/18/2011,142.956268,29.776482,13.702324,47.480064,31.10664,6.723672,12.574825
5/19/2011,143.082062,29.598747,13.710557,48.194988,31.647863,6.692363,12.427397
5/20/2011,142.721405,29.624136,13.603571,48.262272,31.436863,6.504508,12.219259
5/23/2011,141.127777,28.989334,13.45544,47.421185,30.418634,6.34796,11.959095
5/24/2011,140.901321,28.845449,13.389601,47.362301,30.308561,6.363616,11.889714
5/25/2011,140.700058,29.014721,13.323766,48.117973,30.262695,6.387097,12.019799
5/26/2011,140.221954,29.048578,13.373141,48.269939,30.638798,6.332306,11.829008
5/27/2011,140.490341,29.387136,13.545962,48.421928,30.914009,6.418406,11.715602
5/31/2011,141.689774,29.878054,13.825771,49.468891,31.39101,5.494782,12.020925
6/1/2011,139.70192,28.735411,13.480125,48.253067,30.161783,5.23648,11.410281
6/2/2011,139.307709,28.980867,13.373141,48.801876,30.01502,5.142553,11.471346
6/3/2011,138.435425,28.354527,13.175628,48.160187,29.657253,5.212998,11.305602
6/6/2011,138.183777,28.202175,13.159173,47.687355,29.528824,5.166034,11.244537
6/7/2011,137.294754,28.159855,12.76415,47.712696,29.207758,5.119071,11.366666
6/8/2011,137.83992,27.652014,12.591327,47.535389,28.666536,4.876423,11.104961
6/9/2011,138.259293,27.85515,12.599556,47.172321,29.015121,4.923388,11.148581
6/10/2011,136.866974,27.211885,12.443192,46.10004,28.602327,4.923388,10.974108
6/13/2011,136.858566,26.864855,12.393816,45.931168,29.015121,4.782496,10.886875
6/14/2011,137.655365,27.364237,12.410276,46.927475,29.427921,4.899906,11.078792
6/15/2011,136.154037,26.7379,12.212764,45.677868,28.583975,4.657259,10.965388
6/16/2011,136.439194,26.509371,12.38559,44.740692,28.253738,4.649431,10.878153
6/17/2011,137.923798,26.441658,12.319751,44.487381,28.602327,4.712049,10.825808
6/20/2011,138.410233,26.475512,12.459653,45.154392,29.271971,4.578986,10.834536
6/21/2011,139.416763,27.110313,12.76415,45.956497,29.950794,4.74336,11.061345
6/22/2011,138.963776,26.864855,12.640703,45.585007,29.538,4.727705,10.974108
6/23/2011,139.332886,27.186493,12.731234,46.40398,29.776503,4.712049,11.131133
6/24/2011,138.452225,26.687113,12.286834,45.753853,28.565632,4.602467,10.817088
6/27/2011,140.590988,26.864855,12.38559,46.226688,28.969255,4.727705,11.043896
6/28/2011,142.595612,27.067993,12.451422,46.817715,29.666426,4.782496,11.087514
6/29/2011,143.040115,26.983355,12.624248,46.800823,29.748983,4.954697,11.052621
6/30/2011,143.887329,27.787439,12.846443,47.9491,30.189304,5.025143,11.349218
7/1/2011,146.395126,28.371466,13.052186,48.869419,30.317726,5.025143,11.593473
7/5/2011,147.141647,27.863611,12.944795,49.088936,30.326899,4.946869,11.419005
7/6/2011,149.05397,27.804361,12.853925,49.561768,30.464504,4.892078,11.37539
7/7/2011,148.022293,28.320671,13.134794,50.034573,31.271751,5.056452,11.724329
7/8/2011,148.030701,27.829763,13.00262,50.119007,31.134161,4.868597,11.42773
7/11/2011,146.772614,27.457336,12.746535,49.173378,30.454128,4.665086,11.323047
7/12/2011,145.984161,26.450125,12.886969,47.721134,29.957891,4.539849,11.026451
7/13/2011,146.210632,26.238518,12.862184,47.358074,30.040594,4.438094,10.851982
7/14/2011,146.135117,26.001526,12.746535,46.370216,29.452465,4.336338,10.703684
7/15/2011,147.233887,26.086166,12.87871,46.40398,29.489223,4.336338,10.860703
7/18/2011,147.015808,25.798388,12.754795,46.674171,28.937851,4.242411,10.729852
7/19/2011,155.344559,26.594007,12.936534,48.10952,29.994652,4.351992,11.043896
7/20/2011,154.036163,26.42473,13.068708,48.379711,29.480036,4.532022,11.070067
7/21/2011,155.084595,26.754824,13.506536,48.075748,29.838428,4.798151,11.279429
7/22/2011,155.319412,26.898716,13.597403,48.514805,29.911945,4.586812,11.471346
7/25/2011,154.078079,26.636332,13.448711,47.965984,29.599499,4.47723,11.42773
7/26/2011,153.43222,26.72097,13.456971,47.738022,29.544365,4.610294,11.42773
7/27/2011,152.10701,25.722212,12.961316,46.091599,28.221071,4.485057,11.026451
7/28/2011,152.484482,25.603209,13.225665,46.429325,28.184315,4.469403,10.886875
7/29/2011,152.526413,25.288691,13.192619,46.252007,28.101601,4.539849,10.747302
8/1/2011,151.60379,25.407698,13.076969,45.694763,27.669697,4.344165,10.756022
8/2/2011,149.339111,24.736166,12.771318,44.757557,27.155081,4.179792,10.537936
8/3/2011,149.993393,24.906174,12.796101,45.365479,27.743212,4.242411,10.651343
8/4/2011,143.828613,23.733124,12.24262,43.271549,26.539385,3.929317,10.01453
8/5/2011,145.086731,23.112585,12.341749,43.077362,26.05234,4.109345,9.979636
8/8/2011,140.023895,22.262547,11.515662,39.92804,23.911177,3.819735,9.674315
8/9/2011,143.722031,23.027582,11.614793,42.123276,25.363127,4.070209,9.979636
8/10/2011,136.923828,22.526066,11.342185,39.902706,24.333897,3.819735,9.813891
8/11/2011,140.453522,23.206095,13.151319,41.836208,25.455019,3.991936,10.223892
8/12/2011,141.691818,23.10409,13.209142,42.638313,25.170145,4.195446,10.119211
8/15/2011,145.726868,23.367603,13.242187,43.279999,25.399878,4.923388,10.354746
8/16/2011,144.252701,22.891579,13.217405,43.119579,25.335554,4.766841,10.189
8/17/2011,144.454865,22.891579,13.093492,43.068924,25.24366,4.641603,10.136658
8/18/2011,138.010529,21.582518,12.399577,40.485294,23.148447,4.492885,9.58708
8/19/2011,132.711807,21.097994,12.457403,39.277901,22.771679,4.539849,9.438781
8/22/2011,133.924866,21.387007,12.399577,39.176586,23.028978,4.602467,9.473676
8/23/2011,138.423294,22.305054,12.754795,40.578159,24.076593,4.782496,9.979636
8/24/2011,140.47876,22.194548,12.771318,40.650249,24.517685,4.74336,9.909849
8/25/2011,139.484741,21.514517,12.457403,39.819099,23.800901,4.610294,9.430058
8/26/2011,142.483688,21.693024,12.655664,41.506851,24.490118,4.633776,9.648145
8/29/2011,145.415222,22.237047,13.00262,43.186127,25.647999,4.837286,10.008411
8/30/2011,145.32251,22.271051,12.911751,43.457523,25.611238,5.040797,10.034772
8/31/2011,144.817139,22.279547,12.944795,43.644115,25.795033,5.040797,9.946901
9/1/2011,143.48613,21.735525,13.068708,43.304867,25.583673,5.189517,9.718439
9/2/2011,140.664063,21.319006,12.730013,42.134468,24.784185,4.962524,9.525127
9/6/2011,139.088806,21.174498,12.62262,41.939392,24.343092,4.805978,9.375748
9/7/2011,140.942093,22.007538,13.118275,43.839172,25.390694,5.001661,9.744799
9/8/2011,139.206726,21.931032,13.456971,43.720428,24.554447,4.962524,9.533914
9/9/2011,135.938187,22.169044,13.068708,42.74511,23.892794,4.68074,9.428468
9/12/2011,136.822739,22.339054,13.291754,43.584736,24.582014,4.59464,9.542701
9/13/2011,137.673599,22.653564,13.506536,44.373489,25.473398,4.59464,9.683293
9/14/2011,140.883102,23.180593,13.490012,45.009575,25.868546,4.74336,9.885394
9/15/2011,143.283951,23.554609,13.770883,45.484524,26.60371,4.899906,10.254448
9/16/2011,145.726868,23.648113,13.729577,45.688076,26.861019,4.719877,10.166579
9/19/2011,145.844864,23.546112,13.638712,45.518448,26.668043,4.59464,9.867821
9/20/2011,147.184265,23.410107,13.655231,45.043507,26.05234,4.610294,9.779949
9/21/2011,145.752197,22.849079,13.085228,43.813728,27.145889,4.35982,9.533914
9/22/2011,142.045624,22.296549,12.663924,42.431301,26.04315,4.117174,9.103349
9/23/2011,142.652161,23.138083,12.895229,42.651817,26.557766,4.101518,9.305452
9/26/2011,147.007355,23.291098,13.209142,42.897774,27.302113,4.281547,9.120922
9/27/2011,149.703064,23.826622,13.27523,43.915508,27.688076,4.406785,9.481191
9/28/2011,149.568253,23.231596,13.085228,43.304867,27.063189,4.344165,9.323024
9/29/2011,150.932953,23.112585,13.093492,42.516113,27.246979,4.516366,9.331812
9/30/2011,147.310593,22.653564,12.80436,41.243938,26.410728,4.430265,9.103349
10/3/2011,145.97966,22.492064,12.548273,40.412781,25.675568,4.258065,8.655211
10/4/2011,147.201141,23.163593,12.921487,41.922424,26.364784,4.218928,9.024264
10/5/2011,148.978592,23.97113,13.402514,43.05891,27.118326,4.367648,9.305452
10/6/2011,153.055771,24.073135,13.891845,43.143723,27.632936,4.633776,9.446043
10/7/2011,153.645493,24.608658,13.817201,42.600925,27.540855,4.571158,9.410894
10/10/2011,157.208832,25.339693,14.173823,44.178417,28.516901,4.845114,9.674502
10/11/2011,155.844131,25.178185,14.090892,43.805252,28.480066,4.837286,9.648144
10/12/2011,156.787659,25.246189,14.306523,44.136017,28.645817,4.978179,9.929328
10/13/2011,157.377319,25.841223,14.447518,45.213131,28.673429,4.923388,10.175364
10/14/2011,160.502609,26.291739,14.555331,46.629482,29.327198,4.962524,10.192939
10/17/2011,157.183594,25.679712,14.240176,45.493011,28.756306,4.696395,10.008411
10/18/2011,150.70549,26.257738,14.522155,46.273273,29.354816,4.766841,10.24566
10/19/2011,149.433487,25.713709,14.231881,44.610958,28.995707,4.790323,10.087494
10/20/2011,149.315567,25.458698,14.25676,44.110569,29.032543,5.087761,9.955691
10/21/2011,153.00528,25.892225,14.414341,44.119049,29.575808,5.173862,10.272025
10/24/2011,153.527542,26.937767,14.547039,45.467567,30.266401,5.291272,10.482911
10/25/2011,151.935379,26.325737,14.613387,44.373489,29.806004,5.252135,10.333533
10/26/2011,153.291656,26.351242,14.605095,43.762848,29.833632,5.299099,10.40383
10/27/2011,156.585464,27.197424,15.293467,45.391232,30.993824,5.721775,11.018917
10/28/2011,157.908051,26.923912,15.392989,45.145271,31.021454,5.620019,11.089217
10/31/2011,155.532471,26.265772,15.368111,43.762848,30.17432,5.267789,10.825601
11/1/2011,152.769394,25.52216,14.588502,42.524597,29.179867,4.939042,10.474125
11/2/2011,154.934372,25.6931,14.804143,44.254753,29.723129,5.072107,10.579567
11/3/2011,157.781677,26.599113,15.077832,47.587849,30.487396,5.361718,10.860751
11/4/2011,157.006699,27.17178,14.953424,47.918617,29.97175,5.220826,10.913475
11/7/2011,157.798538,26.949551,14.936842,48.274818,30.266401,5.330408,10.904685
11/8/2011,158.373642,26.966648,15.185651,48.368118,30.947794,5.338236,11.10679
11/9/2011,154.136246,25.906784,14.605095,46.994175,29.087788,4.993834,10.667437
11/10/2011,155.075089,26.163198,15.434452,46.824554,29.216702,5.048624,10.764097
11/11/2011,158.483627,26.923912,15.774492,48.020397,29.806004,5.283445,11.185869
11/14/2011,158.458237,26.633305,15.708148,48.42749,29.741554,5.119071,11.018917
11/15/2011,159.642319,26.624754,15.857432,48.681927,30.34927,5.15038,11.10679
11/16/2011,157.840805,26.889719,15.592034,48.240906,29.456104,5.134726,10.95741
11/17/2011,157.088074,25.975164,15.326645,47.816845,28.378782,5.087761,10.131432
11/18/2011,156.67363,25.684547,15.276879,47.21468,28.176208,5.095589,9.867821
11/21/2011,153.493484,24.97513,14.928548,46.205761,27.540855,4.712049,9.637719
11/22/2011,153.34967,24.522127,14.862196,46.384556,27.44878,4.351992,9.354515
11/23/2011,150.507828,23.881083,14.439219,44.298611,26.702936,4.281547,9.035914
11/25/2011,149.755096,23.752869,14.513866,44.153877,26.463533,4.140655,8.991664
11/28/2011,154.11087,24.530676,14.936842,45.924793,27.50403,4.391129,9.204062
11/29/2011,153.036743,24.479387,14.663152,45.218136,27.384327,4.305029,9.071312
11/30/2011,159.007965,25.727295,15.459337,46.657013,28.866795,4.532022,9.540366
12/1/2011,160.23439,25.821308,15.409576,46.597412,29.161446,4.438094,9.531517
12/2/2011,160.412003,25.616177,15.384696,46.265366,28.72868,4.398957,9.584617
12/5/2011,161.410034,25.838406,15.583741,46.393074,29.373234,4.203274,9.726219
12/6/2011,163.186172,26.000801,15.533982,46.682549,29.216702,4.234583,9.81472
12/7/2011,164.125015,26.214487,15.749611,46.359013,29.041742,4.171964,9.956323
12/8/2011,162.035889,25.573441,15.401282,46.035484,28.305113,3.913663,9.655419
12/9/2011,164.556351,25.590534,15.658387,46.980541,29.179867,4.0389,9.912068
12/12/2011,162.543396,24.898209,15.368111,46.639977,28.83917,3.882353,9.310266
12/13/2011,161.672226,24.282803,15.318347,46.137646,28.387983,3.905835,9.292563
12/14/2011,159.616959,23.966555,14.911956,45.209621,27.50403,3.929317,9.142115
12/15/2011,158.568192,24.368273,14.961724,44.741356,26.73056,3.80408,9.01821
12/16/2011,155.261169,24.522127,14.878782,44.792435,26.896307,3.663188,9.142115
12/19/2011,154.686005,23.889631,14.671442,44.20496,26.343834,3.530124,8.965114
12/20/2011,158.365204,25.120434,15.268582,46.069546,26.859472,3.757116,9.221766
12/21/2011,153.485001,24.411015,14.862196,45.541672,23.728785,3.796252,9.027061
12/22/2011,153.967117,25.214455,15.036361,46.299423,23.655123,3.874526,9.319116
12/23/2011,156.259186,25.411041,15.318347,46.512272,23.995811,3.851044,9.575767
12/27/2011,156.428329,25.325567,15.409576,46.716614,23.599871,3.741462,9.584617
12/28/2011,155.616425,24.84692,15.061245,46.265366,23.48938,3.710152,9.398767
12/29/2011,157.468658,25.077696,15.135888,46.699585,23.756407,3.733634,9.451867
12/30/2011,155.523346,24.881115,14.994896,46.571873,23.618288,3.772771,9.478415
1/3/2012,157.570175,25.436689,15.502492,47.057175,23.811651,4.023245,9.469567
1/4/2012,156.927368,25.274284,15.802059,47.533958,23.949778,3.976281,9.522667
1/5/2012,156.183075,25.453787,15.743808,47.72979,24.483831,4.234583,9.584617
1/6/2012,154.389999,25.453787,15.685563,47.814922,24.7969,4.101518,9.74392
1/9/2012,153.586502,25.778574,15.785413,47.602077,24.944559,4.093691,10.03597
1/10/2012,153.34967,26.214487,15.668921,47.465839,24.889187,4.218928,10.266074
1/11/2012,154.203934,26.265772,15.868625,47.35516,24.815357,4.164137,10.363421
1/12/2012,152.706894,26.812798,15.935202,47.959656,25.073753,4.15631,10.443073
1/13/2012,151.53125,26.453812,15.860306,48.138454,25.230642,4.078037,10.177571
1/17/2012,152.241653,26.556377,16.068336,48.6493,25.525953,4.414611,10.425372
1/18/2012,153.146683,28.821413,16.259722,49.032433,26.153486,4.438094,10.726275
1/19/2012,152.681519,28.906879,16.467758,49.381504,26.356516,4.50854,10.894426
1/20/2012,159.447815,28.753033,16.575941,49.151627,26.494944,4.391129,11.03603
1/23/2012,160.682663,28.368397,16.501038,49.50922,26.199627,4.485057,10.814775
1/24/2012,162.33194,27.795731,16.492722,49.960457,26.310371,4.125,10.894426
1/25/2012,162.162781,28.035057,16.501038,50.224396,26.310371,4.125,10.938676
1/26/2012,161.528412,27.658981,16.501038,49.219742,26.107347,4.226755,10.974076
1/27/2012,161.088638,28.019857,16.276365,49.202713,26.22732,3.976281,10.823626
1/30/2012,162.814041,27.650381,16.276365,49.917892,26.393431,3.9528,10.673175
1/31/2012,162.898621,27.822231,16.351259,50.079662,26.033514,3.944972,10.867876
2/1/2012,162.915527,28.234674,16.47608,50.709702,26.651829,3.991936,11.12453
2/2/2012,161.993652,28.406513,16.47608,51.705841,26.587227,3.929317,11.18648
2/3/2012,163.77829,29.154057,16.717394,51.986809,26.864082,4.00759,11.319228
2/6/2012,163.084686,28.879093,16.800606,51.995316,26.762569,3.944972,11.159927
2/7/2012,163.532974,28.724434,16.808928,52.403988,26.716425,4.015418,11.274979
2/8/2012,163.830124,29.085314,17.000319,52.335888,26.513397,4.078037,11.50508
2/9/2012,163.982941,29.042358,16.642504,52.736046,26.661053,3.968454,11.602432
2/10/2012,163.380112,28.664286,16.559294,52.557243,26.301146,3.882353,11.46083
2/13/2012,163.549957,28.578362,16.667469,52.565769,26.236546,3.991936,11.44313
2/14/2012,163.210342,28.543993,16.700752,52.540215,26.061201,4.015418,11.390027
2/15/2012,163.235779,28.707251,16.567614,52.42955,25.821264,3.991936,11.416577
2/16/2012,163.889603,29.136866,16.800606,53.016998,26.716425,4.078037,11.690932
2/17/2012,164.229233,28.861912,16.883823,53.229862,26.568771,4.297202,11.49623
2/21/2012,164.20372,28.595543,16.94207,53.451229,26.522629,4.367648,11.318131
2/22/2012,164.611267,28.320589,16.742359,53.255394,26.347284,4.351992,11.487328
2/23/2012,167.786865,28.629917,16.833893,54.072746,26.587227,4.336338,11.344847
2/24/2012,167.914215,28.629917,16.759001,54.013153,26.99328,4.539849,11.246893
2/27/2012,167.718887,28.449474,16.783964,53.90247,27.002504,4.258065,11.157844
2/28/2012,168.101013,28.973614,16.808928,53.366085,27.122475,4.203274,11.184559
2/29/2012,167.039688,28.655699,16.542646,53.122597,26.99328,4.140655,10.908506
3/1/2012,167.718887,28.501028,16.542646,53.489967,27.528528,4.140655,10.899602
3/2/2012,168.805756,28.200291,16.442797,53.336185,27.6485,4.093691,10.881793
3/5/2012,170.376541,27.658978,16.309656,53.062782,27.906897,4.046727,10.7126
3/6/2012,167.489655,27.598825,16.209799,52.592918,27.630041,3.882353,10.694789
3/7/2012,167.922714,28.054228,16.151548,53.58395,27.888443,3.960626,10.774935
3/8/2012,169.654816,28.011263,16.376226,54.096535,27.75001,3.976281,10.855077
3/9/2012,170.342606,27.727711,16.47608,54.617691,27.805386,3.960626,11.015366
3/12/2012,170.665222,27.41839,16.501038,54.549339,27.417786,3.913663,11.024268
3/13/2012,173.025696,27.744898,16.825573,55.403683,27.805386,3.9528,11.131131
3/14/2012,173.823853,27.504311,16.808928,55.625805,27.537756,3.866699,11.166748
3/15/2012,174.910614,28.165926,16.567614,55.711231,27.740788,4.085864,11.389371
3/16/2012,174.919128,28.372139,16.667469,55.882107,27.445477,4.171964,11.416087
3/19/2012,174.672897,29.076729,16.759001,57.026897,27.463928,4.226755,11.424991
3/20/2012,173.424774,28.853329,17.116812,57.026897,27.777699,4.242411,11.318131
3/21/2012,173.798325,28.879093,17.058565,56.753525,27.140934,4.171964,11.327039
3/22/2012,174.477631,28.724434,16.958706,56.633915,26.421112,4.109345,11.264701
3/23/2012,174.469101,28.655699,17.083534,56.96711,26.347284,4.140655,11.300322
3/26/2012,176.413498,29.205612,17.341494,58.598896,26.910221,4.179792,11.540757
3/27/2012,175.912567,29.102501,17.399736,58.513462,27.085562,4.203274,11.416087
3/28/2012,176.005997,28.638512,17.541201,58.197361,27.094795,4.336338,11.09551
3/29/2012,176.838058,28.518215,17.499596,58.035034,27.039419,4.242411,11.113319
3/30/2012,177.16069,28.879093,17.599449,58.146088,26.910221,4.297202,11.086606
4/2/2012,177.856949,28.578362,17.63273,58.36821,27.251675,4.281547,11.131131
4/3/2012,177.882431,28.011263,17.390503,58.205902,27.122475,4.15631,10.899602
4/4/2012,174.95311,27.633198,17.006271,57.573696,26.910221,3.968454,10.739314
4/5/2012,174.460632,27.890963,16.889334,57.402817,27.279358,3.999763,10.7126
4/9/2012,174.01062,27.616014,16.672161,56.813316,26.826244,4.023245,10.561214
4/10/2012,171.794525,27.229357,16.329695,56.574135,26.215929,3.937145,10.463263
4/11/2012,172.006775,27.487125,16.722281,56.574135,26.021732,3.318785,10.614646
4/12/2012,174.333221,27.933929,16.75569,58.376778,26.539581,3.310959,10.748219
4/13/2012,172.193573,27.650381,16.580282,56.95858,26.410118,3.146585,10.507786
4/16/2012,172.125626,27.66757,16.480047,56.599739,26.484095,3.201376,10.561214
4/17/2012,176.141815,28.165926,16.7724,57.437012,27.075924,3.177894,10.7126
4/18/2012,169.926544,28.114376,16.75569,57.231949,26.93721,3.107448,10.552314
4/19/2012,169.40007,28.045633,16.630396,53.447247,26.826244,2.990038,10.570118
4/20/2012,169.476517,27.899565,16.630396,53.182404,26.706034,2.896111,10.481073
4/23/2012,168.644424,27.401201,16.438288,52.592918,26.336143,2.856974,10.311879
4/24/2012,169.816116,26.945803,16.221113,52.849224,26.530331,2.841319,10.231733
4/25/2012,172.847412,27.469942,16.279585,54.045277,26.696785,2.935247,10.365312
4/26/2012,174.554001,27.59952,16.37146,54.600609,26.835493,2.864801,10.632456
4/27/2012,175.598419,27.789558,16.688869,54.831264,27.038937,2.872628,10.7126
4/30/2012,175.827637,27.590881,16.839218,54.532249,27.186888,2.856974,10.676978
5/1/2012,176.608826,27.513126,16.688869,54.369934,27.344093,2.880456,10.561214
5/2/2012,176.659698,27.720453,16.571928,54.882526,27.473551,2.802182,10.516693
5/3/2012,175.963531,27.11577,16.471693,54.293037,27.168386,2.770873,10.267352
5/4/2012,174.053085,26.424702,15.97053,52.891926,26.271418,2.655385,10.044733
5/7/2012,173.000198,26.441978,15.937114,52.900471,25.818298,2.705964,9.964584
5/8/2012,171.789459,26.459251,15.628063,53.541225,25.827545,2.773402,9.93787
5/9/2012,171.576294,26.433336,15.686529,52.977352,25.688835,2.655385,9.866633
5/10/2012,171.039139,26.588833,14.041033,53.378887,24.986044,2.731253,9.848823
5/11/2012,171.525131,26.554279,13.790451,52.849224,24.96755,2.697534,9.777585
5/14/2012,170.050095,26.459251,13.957509,52.507473,24.930565,2.571087,9.750871
5/15/2012,169.708984,26.165552,13.815509,52.490383,25.023035,2.43621,9.626201
5/16/2012,170.297333,25.880484,13.940802,50.499783,24.708624,2.360342,9.492626
5/17/2012,168.7285,25.353548,13.823859,48.833832,24.27401,2.360342,9.33234
5/18/2012,167.014725,24.817972,13.757041,47.825714,23.682184,2.402491,9.225479
5/21/2012,168.617615,25.465849,13.924094,48.885094,24.283253,2.545798,9.492626
5/22/2012,167.816193,25.362183,13.974213,49.49168,24.375723,2.427781,9.465686
5/23/2012,167.219315,25.172138,13.940802,49.671097,24.671642,2.301334,9.582434
5/24/2012,167.19371,24.956179,13.690218,48.825287,24.153791,2.309764,9.321996
5/25/2012,165.667526,24.999376,13.640099,48.970528,24.172287,2.377202,9.465686
5/29/2012,167.509232,25.362183,13.857271,49.884659,24.468197,2.486789,9.618358
5/30/2012,165.863632,25.008015,13.690218,49.292641,24.200031,2.309764,9.393839
5/31/2012,164.473785,24.602007,13.640099,49.172523,24.477448,2.250755,9.27709
6/1/2012,161.216751,23.323536,13.331048,47.293472,24.04283,2.225466,8.989704
